{
 "name": "lxk0301 task gallery",
 "description": "https://gitee.com/lxk0301",
 "task": [
    {"config":"2 9 * * * https://jdsharedresourcescdn.azureedge.net/jdresource/jd_bean_change.js, tag=京东资产变动通知, img-url=https://raw.githubusercontent.com/Orz-3/mini/master/Color/jd.png, enabled=true", "addons":"https://jdsharedresourcescdn.azureedge.net/jdresource/QuantumultX/lxk0301_cookies.conf"},
    {"config":"10 7 * * * https://jdsharedresourcescdn.azureedge.net/jdresource/jd_bean_home.js, tag=领京豆额外奖励, img-url=https://raw.githubusercontent.com/58xinian/icon/master/jd_bean_home.png, enabled=true", "addons":"https://jdsharedresourcescdn.azureedge.net/jdresource/QuantumultX/lxk0301_cookies.conf"},
    {"config":"0 0 0 * * * https://jdsharedresourcescdn.azureedge.net/jdresource/jd_blueCoin.js, tag=东东超市兑换奖品, img-url=https://raw.githubusercontent.com/58xinian/icon/master/jxc.png, enabled=true", "addons":"https://jdsharedresourcescdn.azureedge.net/jdresource/QuantumultX/lxk0301_cookies.conf"},
    {"config":"1 8,12,18 * * * https://jdsharedresourcescdn.azureedge.net/jdresource/jd_bookshop.js, tag=口袋书店, img-url=https://raw.githubusercontent.com/Orz-3/mini/master/Color/jd.png, enabled=true", "addons":"https://jdsharedresourcescdn.azureedge.net/jdresource/QuantumultX/lxk0301_cookies.conf"},
    {"config":"10 7 * * * https://jdsharedresourcescdn.azureedge.net/jdresource/jd_car.js, tag=京东汽车, img-url=https://raw.githubusercontent.com/58xinian/icon/master/jd_redPacket.png, enabled=true", "addons":"https://jdsharedresourcescdn.azureedge.net/jdresource/QuantumultX/lxk0301_cookies.conf"},
    {"config":"0 0 * * * https://jdsharedresourcescdn.azureedge.net/jdresource/jd_car_exchange.js, tag=京东汽车兑换, img-url=https://raw.githubusercontent.com/58xinian/icon/master/jd_redPacket.png, enabled=true", "addons":"https://jdsharedresourcescdn.azureedge.net/jdresource/QuantumultX/lxk0301_cookies.conf"},
    {"config":"0 0-18/6 * * * https://jdsharedresourcescdn.azureedge.net/jdresource/jd_carnivalcity.js, tag=京东手机狂欢城, img-url=https://raw.githubusercontent.com/Orz-3/mini/master/Color/jd.png, enabled=true", "addons":"https://jdsharedresourcescdn.azureedge.net/jdresource/QuantumultX/lxk0301_cookies.conf"},
    {"config":"2 0-23/4 * * * https://jdsharedresourcescdn.azureedge.net/jdresource/jd_cash.js, tag=签到领现金, img-url=https://raw.githubusercontent.com/Orz-3/mini/master/Color/jd.png, enabled=true", "addons":"https://jdsharedresourcescdn.azureedge.net/jdresource/QuantumultX/lxk0301_cookies.conf"},
    {"config":"5 0,8,13,19 * * * https://jdsharedresourcescdn.azureedge.net/jdresource/jd_cfd.js, tag=京喜财富岛, img-url=https://raw.githubusercontent.com/58xinian/icon/master/jxcfd.png, enabled=true", "addons":"https://jdsharedresourcescdn.azureedge.net/jdresource/QuantumultX/lxk0301_cookies.conf"},
    {"config":"0 0-23/1 * * * https://jdsharedresourcescdn.azureedge.net/jdresource/jd_city.js, tag=城城领现金, img-url=https://raw.githubusercontent.com/Orz-3/mini/master/Color/jd.png, enabled=true", "addons":"https://jdsharedresourcescdn.azureedge.net/jdresource/QuantumultX/lxk0301_cookies.conf"},
    {"config":"5 0,23 * * * https://jdsharedresourcescdn.azureedge.net/jdresource/jd_club_lottery.js, tag=摇京豆, img-url=https://raw.githubusercontent.com/58xinian/icon/master/jdyjd.png, enabled=true", "addons":"https://jdsharedresourcescdn.azureedge.net/jdresource/QuantumultX/lxk0301_cookies.conf"},
    {"config":"10 9 * * * https://jdsharedresourcescdn.azureedge.net/jdresource/jd_crazy_joy.js, tag=crazyJoy任务, img-url=https://raw.githubusercontent.com/58xinian/icon/master/jd_crazy_joy.png, enabled=true", "addons":"https://jdsharedresourcescdn.azureedge.net/jdresource/QuantumultX/lxk0301_cookies.conf"},
    {"config":"10 12 * * * https://jdsharedresourcescdn.azureedge.net/jdresource/jd_crazy_joy_bonus.js, tag=监控crazyJoy分红, img-url=https://raw.githubusercontent.com/58xinian/icon/master/jd_crazy_joy.png, enabled=true", "addons":"https://jdsharedresourcescdn.azureedge.net/jdresource/QuantumultX/lxk0301_cookies.conf"},
    {"config":"10 1,12 * * * https://jdsharedresourcescdn.azureedge.net/jdresource/jd_crazy_joy_coin.js, tag=crazyJoy挂机, img-url=https://raw.githubusercontent.com/58xinian/icon/master/jd_crazy_joy.png, enabled=true", "addons":"https://jdsharedresourcescdn.azureedge.net/jdresource/QuantumultX/lxk0301_cookies.conf"},
    {"config":"10 * * * * https://jdsharedresourcescdn.azureedge.net/jdresource/jd_daily_egg.js, tag=天天提鹅, img-url=https://raw.githubusercontent.com/58xinian/icon/master/jdte.png, enabled=true", "addons":"https://jdsharedresourcescdn.azureedge.net/jdresource/QuantumultX/lxk0301_cookies.conf"},
    {"config":"13 1,22,23 * * * https://jdsharedresourcescdn.azureedge.net/jdresource/jd_daily_lottery.js, tag=每日抽奖, img-url=https://raw.githubusercontent.com/Orz-3/mini/master/Color/jd.png, enabled=true", "addons":"https://jdsharedresourcescdn.azureedge.net/jdresource/QuantumultX/lxk0301_cookies.conf"},
    {"config":"10 * * * * https://jdsharedresourcescdn.azureedge.net/jdresource/jd_dreamFactory.js, tag=京喜工厂, img-url=https://github.com/58xinian/icon/raw/master/jdgc.png, enabled=true", "addons":"https://jdsharedresourcescdn.azureedge.net/jdresource/QuantumultX/lxk0301_cookies.conf"},
    {"config":"1 12,23 * * * https://jdsharedresourcescdn.azureedge.net/jdresource/jd_family.js, tag=京东家庭号, img-url=https://raw.githubusercontent.com/58xinian/icon/master/jd_family.png, enabled=true", "addons":"https://jdsharedresourcescdn.azureedge.net/jdresource/QuantumultX/lxk0301_cookies.conf"},
    {"config":"5 6-18/6 * * * https://jdsharedresourcescdn.azureedge.net/jdresource/jd_fruit.js, tag=东东农场, img-url=https://raw.githubusercontent.com/58xinian/icon/master/jdnc.png, enabled=true", "addons":"https://jdsharedresourcescdn.azureedge.net/jdresource/QuantumultX/lxk0301_cookies.conf"},
    {"config":"20 13 * * 6 https://jdsharedresourcescdn.azureedge.net/jdresource/jd_get_share_code.js, tag=获取互助码, img-url=https://raw.githubusercontent.com/Orz-3/mini/master/Color/jd.png, enabled=true", "addons":"https://jdsharedresourcescdn.azureedge.net/jdresource/QuantumultX/lxk0301_cookies.conf"},
    {"config":"13 1,6,22 * * * https://jdsharedresourcescdn.azureedge.net/jdresource/jd_health.js, tag=东东健康社区, img-url=https://raw.githubusercontent.com/Orz-3/mini/master/Color/jd.png, enabled=true", "addons":"https://jdsharedresourcescdn.azureedge.net/jdresource/QuantumultX/lxk0301_cookies.conf"},
    {"config":"5-45/20 * * * * https://jdsharedresourcescdn.azureedge.net/jdresource/jd_health_collect.js, tag=东东健康社区收集能量, img-url=https://raw.githubusercontent.com/Orz-3/mini/master/Color/jd.png, enabled=true", "addons":"https://jdsharedresourcescdn.azureedge.net/jdresource/QuantumultX/lxk0301_cookies.conf"},
    {"config":"10 * * * * https://jdsharedresourcescdn.azureedge.net/jdresource/jd_jdfactory.js, tag=东东工厂, img-url=https://raw.githubusercontent.com/58xinian/icon/master/jd_factory.png, enabled=true", "addons":"https://jdsharedresourcescdn.azureedge.net/jdresource/QuantumultX/lxk0301_cookies.conf"},
    {"config":"10 0 * * * https://jdsharedresourcescdn.azureedge.net/jdresource/jd_jdzz.js, tag=京东赚赚, img-url=https://raw.githubusercontent.com/58xinian/icon/master/jdzz.png, enabled=true", "addons":"https://jdsharedresourcescdn.azureedge.net/jdresource/QuantumultX/lxk0301_cookies.conf"},
    {"config":"10 0 * * * https://jdsharedresourcescdn.azureedge.net/jdresource/jd_jin_tie.js, tag=领金贴, img-url=https://raw.githubusercontent.com/Orz-3/mini/master/Color/jd.png, enabled=true", "addons":"https://jdsharedresourcescdn.azureedge.net/jdresource/QuantumultX/lxk0301_cookies.conf"},
    {"config":"15 0-23/2 * * * https://jdsharedresourcescdn.azureedge.net/jdresource/jd_joy.js, tag=京东宠汪汪, img-url=https://raw.githubusercontent.com/58xinian/icon/master/jdcww.png, enabled=true", "addons":"https://jdsharedresourcescdn.azureedge.net/jdresource/QuantumultX/lxk0301_cookies.conf"},
    {"config":"15 0-23/1 * * * https://jdsharedresourcescdn.azureedge.net/jdresource/jd_joy_feedPets.js, tag=京东宠汪汪喂食, img-url=https://raw.githubusercontent.com/58xinian/icon/master/jdcww.png, enabled=true", "addons":"https://jdsharedresourcescdn.azureedge.net/jdresource/QuantumultX/lxk0301_cookies.conf"},
    {"config":"0 0-16/8 * * * https://jdsharedresourcescdn.azureedge.net/jdresource/jd_joy_reward.js, tag=宠汪汪积分兑换奖品, img-url=https://raw.githubusercontent.com/58xinian/icon/master/jdcww.png, enabled=true", "addons":"https://jdsharedresourcescdn.azureedge.net/jdresource/QuantumultX/lxk0301_cookies.conf"},
    {"config":"15 10 * * * https://jdsharedresourcescdn.azureedge.net/jdresource/jd_joy_run.js, tag=宠汪汪邀请助力与赛跑助力, img-url=https://raw.githubusercontent.com/58xinian/icon/master/jdcww.png, enabled=true", "addons":"https://jdsharedresourcescdn.azureedge.net/jdresource/QuantumultX/lxk0301_cookies.conf"},
    {"config":"10 0-21/3 * * * https://jdsharedresourcescdn.azureedge.net/jdresource/jd_joy_steal.js, tag=宠汪汪偷好友积分与狗粮, img-url=https://raw.githubusercontent.com/58xinian/icon/master/jdcww.png, enabled=true", "addons":"https://jdsharedresourcescdn.azureedge.net/jdresource/QuantumultX/lxk0301_cookies.conf"},
    {"config":"1 0,11,21 * * * https://jdsharedresourcescdn.azureedge.net/jdresource/jd_jump.js, tag=跳跳乐瓜分京豆, img-url=https://raw.githubusercontent.com/Orz-3/mini/master/Color/jd.png, enabled=true", "addons":"https://jdsharedresourcescdn.azureedge.net/jdresource/QuantumultX/lxk0301_cookies.conf"},
    {"config":"0 9,12,18 * * * https://jdsharedresourcescdn.azureedge.net/jdresource/jd_jxnc.js, tag=京喜农场, img-url=https://raw.githubusercontent.com/58xinian/icon/master/jxnc.png, enabled=true", "addons":"https://jdsharedresourcescdn.azureedge.net/jdresource/QuantumultX/lxk0301_cookies.conf"},
    {"config":"10 0 * * * https://jdsharedresourcescdn.azureedge.net/jdresource/jd_kd.js, tag=京东快递签到, img-url=https://raw.githubusercontent.com/58xinian/icon/master/jd_kd.png, enabled=true", "addons":"https://jdsharedresourcescdn.azureedge.net/jdresource/QuantumultX/lxk0301_cookies.conf"},
    {"config":"10-20/5 12 * * * https://jdsharedresourcescdn.azureedge.net/jdresource/jd_live.js, tag=京东直播, img-url=https://raw.githubusercontent.com/Orz-3/mini/master/Color/jd.png, enabled=true", "addons":"https://jdsharedresourcescdn.azureedge.net/jdresource/QuantumultX/lxk0301_cookies.conf"},
    {"config":"0,30 0-23/1 * * * https://jdsharedresourcescdn.azureedge.net/jdresource/jd_live_redrain.js, tag=超级直播间红包雨, img-url=https://raw.githubusercontent.com/Orz-3/mini/master/Color/jd.png, enabled=true", "addons":"https://jdsharedresourcescdn.azureedge.net/jdresource/QuantumultX/lxk0301_cookies.conf"},
    {"config":"4 10 * * * https://jdsharedresourcescdn.azureedge.net/jdresource/jd_market_lottery.js, tag=幸运大转盘, enabled=true", "addons":"https://jdsharedresourcescdn.azureedge.net/jdresource/QuantumultX/lxk0301_cookies.conf"},
    {"config":"3 0-23/2 * * * https://jdsharedresourcescdn.azureedge.net/jdresource/jd_moneyTree.js, tag=京东摇钱树, img-url=https://raw.githubusercontent.com/58xinian/icon/master/jdyqs.png, enabled=true", "addons":"https://jdsharedresourcescdn.azureedge.net/jdresource/QuantumultX/lxk0301_cookies.conf"},
    {"config":"10 7 * * * https://jdsharedresourcescdn.azureedge.net/jdresource/jd_ms.js, tag=京东秒秒币, img-url=https://raw.githubusercontent.com/yogayyy/Scripts/master/Icon/shylocks/jd_ms.jpg, enabled=true", "addons":"https://jdsharedresourcescdn.azureedge.net/jdresource/QuantumultX/lxk0301_cookies.conf"},
    {"config":"10 0,20 * * * https://jdsharedresourcescdn.azureedge.net/jdresource/jd_necklace.js, tag=点点券, img-url=https://raw.githubusercontent.com/Orz-3/mini/master/Color/jd.png, enabled=true", "addons":"https://jdsharedresourcescdn.azureedge.net/jdresource/QuantumultX/lxk0301_cookies.conf"},
    {"config":"35 1,23 * * * https://jdsharedresourcescdn.azureedge.net/jdresource/jd_nzmh.js, tag=女装盲盒, img-url=https://raw.githubusercontent.com/Orz-3/mini/master/Color/jd.png, enabled=true", "addons":"https://jdsharedresourcescdn.azureedge.net/jdresource/QuantumultX/lxk0301_cookies.conf"},
    {"config":"15 6-18/6 * * * https://jdsharedresourcescdn.azureedge.net/jdresource/jd_pet.js, tag=东东萌宠, img-url=https://raw.githubusercontent.com/58xinian/icon/master/jdmc.png, enabled=true", "addons":"https://jdsharedresourcescdn.azureedge.net/jdresource/QuantumultX/lxk0301_cookies.conf"},
    {"config":"12 0-23/6 * * * https://jdsharedresourcescdn.azureedge.net/jdresource/jd_pigPet.js, tag=京东金融养猪猪, img-url=https://raw.githubusercontent.com/58xinian/icon/master/jdyz.png, enabled=true", "addons":"https://jdsharedresourcescdn.azureedge.net/jdresource/QuantumultX/lxk0301_cookies.conf"},
    {"config":"1 7-21/2 * * * https://jdsharedresourcescdn.azureedge.net/jdresource/jd_plantBean.js, tag=种豆得豆, img-url=https://raw.githubusercontent.com/58xinian/icon/master/jdzd.png, enabled=true", "addons":"https://jdsharedresourcescdn.azureedge.net/jdresource/QuantumultX/lxk0301_cookies.conf"},
    {"config":"0 2 * * * https://jdsharedresourcescdn.azureedge.net/jdresource/jd_price.js, tag=京东保价, img-url=https://raw.githubusercontent.com/Orz-3/task/master/jd.png, enabled=true", "addons":"https://jdsharedresourcescdn.azureedge.net/jdresource/QuantumultX/lxk0301_cookies.conf"},
    {"config":"1 1,2,23 * * * https://jdsharedresourcescdn.azureedge.net/jdresource/jd_redPacket.js, tag=京东全民开红包, img-url=https://raw.githubusercontent.com/58xinian/icon/master/jd_redPacket.png, enabled=true", "addons":"https://jdsharedresourcescdn.azureedge.net/jdresource/QuantumultX/lxk0301_cookies.conf"},
    {"config":"20 8 * * * https://jdsharedresourcescdn.azureedge.net/jdresource/jd_sgmh.js, tag=闪购盲盒, img-url=https://raw.githubusercontent.com/Orz-3/mini/master/Color/jd.png, enabled=true", "addons":"https://jdsharedresourcescdn.azureedge.net/jdresource/QuantumultX/lxk0301_cookies.conf"},
    {"config":"10 0 * * * https://jdsharedresourcescdn.azureedge.net/jdresource/jd_shop.js, tag=进店领豆, img-url=https://raw.githubusercontent.com/58xinian/icon/master/jd_shop.png, enabled=true", "addons":"https://jdsharedresourcescdn.azureedge.net/jdresource/QuantumultX/lxk0301_cookies.conf"},
    {"config":"16 22 * * * https://jdsharedresourcescdn.azureedge.net/jdresource/jd_small_home.js, tag=东东小窝, img-url=https://raw.githubusercontent.com/58xinian/icon/master/ddxw.png, enabled=true", "addons":"https://jdsharedresourcescdn.azureedge.net/jdresource/QuantumultX/lxk0301_cookies.conf"},
    {"config":"8 0-23/3 * * * https://jdsharedresourcescdn.azureedge.net/jdresource/jd_speed.js, tag=京东天天加速, img-url=https://raw.githubusercontent.com/58xinian/icon/master/jdjs.png, enabled=true", "addons":"https://jdsharedresourcescdn.azureedge.net/jdresource/QuantumultX/lxk0301_cookies.conf"},
    {"config":"0 0,22 * * * https://jdsharedresourcescdn.azureedge.net/jdresource/jd_speed_redpocke.js, tag=京东极速版红包, img-url=https://raw.githubusercontent.com/Orz-3/mini/master/Color/jd.png, enabled=true", "addons":"https://jdsharedresourcescdn.azureedge.net/jdresource/QuantumultX/lxk0301_cookies.conf"},
    {"config":"0 7 * * * https://jdsharedresourcescdn.azureedge.net/jdresource/jd_speed_sign.js, tag=京东极速版, img-url=https://raw.githubusercontent.com/Orz-3/task/master/jd.png, enabled=true", "addons":"https://jdsharedresourcescdn.azureedge.net/jdresource/QuantumultX/lxk0301_cookies.conf"},
    {"config":"11 * * * * https://jdsharedresourcescdn.azureedge.net/jdresource/jd_superMarket.js, tag=东东超市, img-url=https://raw.githubusercontent.com/58xinian/icon/master/jxc.png, enabled=true", "addons":"https://jdsharedresourcescdn.azureedge.net/jdresource/QuantumultX/lxk0301_cookies.conf"},
    {"config":"10 0,7,23 * * * https://jdsharedresourcescdn.azureedge.net/jdresource/jd_syj.js, tag=赚京豆, img-url=https://raw.githubusercontent.com/58xinian/icon/master/jd_syj.png, enabled=true", "addons":"https://jdsharedresourcescdn.azureedge.net/jdresource/QuantumultX/lxk0301_cookies.conf"},
    {"config":"55 23 * * * https://jdsharedresourcescdn.azureedge.net/jdresource/jd_unsubscribe.js, tag=取关京东店铺商品, img-url=https://raw.githubusercontent.com/Orz-3/mini/master/Color/jd.png, enabled=true", "addons":"https://jdsharedresourcescdn.azureedge.net/jdresource/QuantumultX/lxk0301_cookies.conf"},
    {"config":"5 0 * * * https://jdsharedresourcescdn.azureedge.net/jdresource/jx_sign.js, tag=京喜签到, img-url=https://raw.githubusercontent.com/Orz-3/mini/master/Color/jd.png, enabled=true", "addons":"https://jdsharedresourcescdn.azureedge.net/jdresource/QuantumultX/lxk0301_cookies.conf"},
    {"config":"15 17 * * * https://jdsharedresourcescdn.azureedge.net/jdresource/xmSports.js, tag=小米运动, img-url=https://raw.githubusercontent.com/58xinian/icon/master/xmyd.png, enabled=true", "addons":"https://jdsharedresourcescdn.azureedge.net/jdresource/QuantumultX/lxk0301_cookies.conf"}
  ]
}
